{
  "latencies": {
    "rootulp": {
      "week": {
        "n": 2,
        "medianHours": 4.645833333333333,
        "p90Hours": 4.645833333333333
      },
      "month": {
        "n": 7,
        "medianHours": 0.5027777777777778,
        "p90Hours": 36.348333333333336
      },
      "year": {
        "n": 160,
        "medianHours": 3.6280555555555556,
        "p90Hours": 27.341666666666665
      }
    },
    "ninabarbakadze": {
      "week": {
        "n": 0,
        "medianHours": null,
        "p90Hours": null
      },
      "month": {
        "n": 20,
        "medianHours": 10.818333333333333,
        "p90Hours": 60.93416666666667
      },
      "year": {
        "n": 214,
        "medianHours": 9.8975,
        "p90Hours": 57.10861111111111
      }
    },
    "rach-id": {
      "week": {
        "n": 4,
        "medianHours": 13.351111111111111,
        "p90Hours": 42.143055555555556
      },
      "month": {
        "n": 12,
        "medianHours": 8.005277777777778,
        "p90Hours": 42.143055555555556
      },
      "year": {
        "n": 299,
        "medianHours": 3.223888888888889,
        "p90Hours": 38.30638888888889
      }
    },
    "mcrakhman": {
      "week": {
        "n": 1,
        "medianHours": 447.57416666666666,
        "p90Hours": 447.57416666666666
      },
      "month": {
        "n": 4,
        "medianHours": 6.545833333333333,
        "p90Hours": 447.57416666666666
      },
      "year": {
        "n": 40,
        "medianHours": 12.354444444444445,
        "p90Hours": 146.78944444444446
      }
    },
    "vgonkivs": {
      "week": {
        "n": 0,
        "medianHours": null,
        "p90Hours": null
      },
      "month": {
        "n": 2,
        "medianHours": 1636.1025,
        "p90Hours": 1636.1025
      },
      "year": {
        "n": 34,
        "medianHours": 33.60527777777778,
        "p90Hours": 527.4561111111111
      }
    },
    "evan-forbes": {
      "week": {
        "n": 1,
        "medianHours": 36.10805555555555,
        "p90Hours": 36.10805555555555
      },
      "month": {
        "n": 20,
        "medianHours": 58.08027777777778,
        "p90Hours": 169.02777777777777
      },
      "year": {
        "n": 79,
        "medianHours": 8.3975,
        "p90Hours": 108.07444444444444
      }
    },
    "walldiss": {
      "week": {
        "n": 2,
        "medianHours": 29.1275,
        "p90Hours": 29.1275
      },
      "month": {
        "n": 2,
        "medianHours": 29.1275,
        "p90Hours": 29.1275
      },
      "year": {
        "n": 49,
        "medianHours": 26.451666666666668,
        "p90Hours": 383.1430555555556
      }
    },
    "Wondertan": {
      "week": {
        "n": 0,
        "medianHours": null,
        "p90Hours": null
      },
      "month": {
        "n": 2,
        "medianHours": 7.635,
        "p90Hours": 7.635
      },
      "year": {
        "n": 25,
        "medianHours": 2.216388888888889,
        "p90Hours": 91.83944444444444
      }
    }
  },
  "teamMembers": [
    {
      "name": "Rootul",
      "github": "rootulp",
      "defaultHidden": false
    },
    {
      "name": "Nina",
      "github": "ninabarbakadze",
      "defaultHidden": false
    },
    {
      "name": "Rachid",
      "github": "rach-id",
      "defaultHidden": false
    },
    {
      "name": "Mikhail",
      "github": "mcrakhman",
      "defaultHidden": false
    },
    {
      "name": "Slava",
      "github": "vgonkivs",
      "defaultHidden": false
    },
    {
      "name": "Evan",
      "github": "evan-forbes",
      "defaultHidden": false
    },
    {
      "name": "Vlad",
      "github": "walldiss",
      "defaultHidden": true
    },
    {
      "name": "Hlib",
      "github": "Wondertan",
      "defaultHidden": true
    }
  ],
  "computedAt": "2026-05-21T00:26:55.468Z",
  "windows": {
    "weekStart": "2026-05-18T00:00:00.000Z",
    "monthStart": "2026-05-01T00:00:00.000Z",
    "yearStart": "2026-01-01T00:00:00.000Z"
  }
}