{
  "latencies": {
    "rootulp": {
      "week": {
        "n": 11,
        "medianHours": 4.178333333333334,
        "p90Hours": 9.079444444444444
      },
      "month": {
        "n": 44,
        "medianHours": 3.706111111111111,
        "p90Hours": 9.079444444444444
      },
      "year": {
        "n": 142,
        "medianHours": 3.5702777777777777,
        "p90Hours": 15.91611111111111
      }
    },
    "ninabarbakadze": {
      "week": {
        "n": 9,
        "medianHours": 9.908055555555556,
        "p90Hours": 20.82777777777778
      },
      "month": {
        "n": 62,
        "medianHours": 12.116944444444444,
        "p90Hours": 26.330555555555556
      },
      "year": {
        "n": 184,
        "medianHours": 8.477222222222222,
        "p90Hours": 50.51305555555555
      }
    },
    "rach-id": {
      "week": {
        "n": 0,
        "medianHours": null,
        "p90Hours": null
      },
      "month": {
        "n": 22,
        "medianHours": 0.2602777777777778,
        "p90Hours": 4.1075
      },
      "year": {
        "n": 288,
        "medianHours": 2.8441666666666667,
        "p90Hours": 38.25416666666667
      }
    },
    "mcrakhman": {
      "week": {
        "n": 1,
        "medianHours": 1.76,
        "p90Hours": 1.76
      },
      "month": {
        "n": 18,
        "medianHours": 15.403333333333334,
        "p90Hours": 111.00305555555556
      },
      "year": {
        "n": 35,
        "medianHours": 12.354444444444445,
        "p90Hours": 133.54
      }
    },
    "vgonkivs": {
      "week": {
        "n": 0,
        "medianHours": null,
        "p90Hours": null
      },
      "month": {
        "n": 3,
        "medianHours": 186.70833333333334,
        "p90Hours": 795.8888888888889
      },
      "year": {
        "n": 28,
        "medianHours": 91.51388888888889,
        "p90Hours": 527.4561111111111
      }
    },
    "evan-forbes": {
      "week": {
        "n": 0,
        "medianHours": null,
        "p90Hours": null
      },
      "month": {
        "n": 10,
        "medianHours": 8.3975,
        "p90Hours": 301.37888888888887
      },
      "year": {
        "n": 59,
        "medianHours": 4.485277777777778,
        "p90Hours": 81.59361111111112
      }
    },
    "cmwaters": {
      "week": {
        "n": 0,
        "medianHours": null,
        "p90Hours": null
      },
      "month": {
        "n": 0,
        "medianHours": null,
        "p90Hours": null
      },
      "year": {
        "n": 6,
        "medianHours": 65.71083333333333,
        "p90Hours": 129.4586111111111
      }
    },
    "walldiss": {
      "week": {
        "n": 0,
        "medianHours": null,
        "p90Hours": null
      },
      "month": {
        "n": 6,
        "medianHours": 4.8525,
        "p90Hours": 480.12833333333333
      },
      "year": {
        "n": 48,
        "medianHours": 30.19333333333333,
        "p90Hours": 480.12833333333333
      }
    },
    "Wondertan": {
      "week": {
        "n": 0,
        "medianHours": null,
        "p90Hours": null
      },
      "month": {
        "n": 2,
        "medianHours": 91.83944444444444,
        "p90Hours": 91.83944444444444
      },
      "year": {
        "n": 26,
        "medianHours": 1.9088888888888889,
        "p90Hours": 91.83944444444444
      }
    }
  },
  "teamMembers": [
    {
      "name": "Rootul",
      "github": "rootulp",
      "defaultHidden": false
    },
    {
      "name": "Nina",
      "github": "ninabarbakadze",
      "defaultHidden": false
    },
    {
      "name": "Rachid",
      "github": "rach-id",
      "defaultHidden": false
    },
    {
      "name": "Mikhail",
      "github": "mcrakhman",
      "defaultHidden": false
    },
    {
      "name": "Slava",
      "github": "vgonkivs",
      "defaultHidden": false
    },
    {
      "name": "Evan",
      "github": "evan-forbes",
      "defaultHidden": false
    },
    {
      "name": "Callum",
      "github": "cmwaters",
      "defaultHidden": false
    },
    {
      "name": "Vlad",
      "github": "walldiss",
      "defaultHidden": true
    },
    {
      "name": "Hlib",
      "github": "Wondertan",
      "defaultHidden": true
    }
  ],
  "computedAt": "2026-04-22T00:13:35.818Z",
  "windows": {
    "weekStart": "2026-04-20T00:00:00.000Z",
    "monthStart": "2026-04-01T00:00:00.000Z",
    "yearStart": "2026-01-01T00:00:00.000Z"
  }
}