{
  "latencies": {
    "rootulp": {
      "week": {
        "n": 0,
        "medianHours": null,
        "p90Hours": null
      },
      "month": {
        "n": 5,
        "medianHours": 2.7594444444444446,
        "p90Hours": 6.3933333333333335
      },
      "year": {
        "n": 168,
        "medianHours": 3.6341666666666668,
        "p90Hours": 36.657222222222224
      }
    },
    "ninabarbakadze": {
      "week": {
        "n": 0,
        "medianHours": null,
        "p90Hours": null
      },
      "month": {
        "n": 40,
        "medianHours": 6.940833333333333,
        "p90Hours": 57.17722222222222
      },
      "year": {
        "n": 262,
        "medianHours": 8.296388888888888,
        "p90Hours": 56.1975
      }
    },
    "rach-id": {
      "week": {
        "n": 0,
        "medianHours": null,
        "p90Hours": null
      },
      "month": {
        "n": 87,
        "medianHours": 1.193888888888889,
        "p90Hours": 11.380277777777778
      },
      "year": {
        "n": 406,
        "medianHours": 2.2094444444444443,
        "p90Hours": 30.8975
      }
    },
    "mcrakhman": {
      "week": {
        "n": 0,
        "medianHours": null,
        "p90Hours": null
      },
      "month": {
        "n": 23,
        "medianHours": 63.32138888888889,
        "p90Hours": 317.6872222222222
      },
      "year": {
        "n": 63,
        "medianHours": 15.581111111111111,
        "p90Hours": 229.42666666666668
      }
    },
    "vgonkivs": {
      "week": {
        "n": 0,
        "medianHours": null,
        "p90Hours": null
      },
      "month": {
        "n": 35,
        "medianHours": 13.803055555555556,
        "p90Hours": 129.3713888888889
      },
      "year": {
        "n": 71,
        "medianHours": 28.356666666666666,
        "p90Hours": 259.80555555555554
      }
    },
    "evan-forbes": {
      "week": {
        "n": 0,
        "medianHours": null,
        "p90Hours": null
      },
      "month": {
        "n": 3,
        "medianHours": 0.4286111111111111,
        "p90Hours": 0.49833333333333335
      },
      "year": {
        "n": 84,
        "medianHours": 8.129166666666666,
        "p90Hours": 90.62222222222222
      }
    },
    "walldiss": {
      "week": {
        "n": 0,
        "medianHours": null,
        "p90Hours": null
      },
      "month": {
        "n": 1,
        "medianHours": 340.4530555555556,
        "p90Hours": 340.4530555555556
      },
      "year": {
        "n": 54,
        "medianHours": 29.1275,
        "p90Hours": 363.5077777777778
      }
    },
    "Wondertan": {
      "week": {
        "n": 0,
        "medianHours": null,
        "p90Hours": null
      },
      "month": {
        "n": 1,
        "medianHours": 0.055,
        "p90Hours": 0.055
      },
      "year": {
        "n": 26,
        "medianHours": 2.216388888888889,
        "p90Hours": 91.83944444444444
      }
    },
    "tty47": {
      "week": {
        "n": 0,
        "medianHours": null,
        "p90Hours": null
      },
      "month": {
        "n": 0,
        "medianHours": null,
        "p90Hours": null
      },
      "year": {
        "n": 0,
        "medianHours": null,
        "p90Hours": null
      }
    },
    "pippokr": {
      "week": {
        "n": 0,
        "medianHours": null,
        "p90Hours": null
      },
      "month": {
        "n": 0,
        "medianHours": null,
        "p90Hours": null
      },
      "year": {
        "n": 0,
        "medianHours": null,
        "p90Hours": null
      }
    },
    "renaynay": {
      "week": {
        "n": 0,
        "medianHours": null,
        "p90Hours": null
      },
      "month": {
        "n": 1,
        "medianHours": 13.234444444444444,
        "p90Hours": 13.234444444444444
      },
      "year": {
        "n": 16,
        "medianHours": 20.55472222222222,
        "p90Hours": 357.9772222222222
      }
    },
    "chatton": {
      "week": {
        "n": 0,
        "medianHours": null,
        "p90Hours": null
      },
      "month": {
        "n": 2,
        "medianHours": 92.48722222222223,
        "p90Hours": 92.48722222222223
      },
      "year": {
        "n": 2,
        "medianHours": 92.48722222222223,
        "p90Hours": 92.48722222222223
      }
    }
  },
  "teamMembers": [
    {
      "name": "Rootul",
      "github": "rootulp",
      "defaultHidden": false
    },
    {
      "name": "Nina",
      "github": "ninabarbakadze",
      "defaultHidden": false
    },
    {
      "name": "Rachid",
      "github": "rach-id",
      "defaultHidden": false
    },
    {
      "name": "Mikhail",
      "github": "mcrakhman",
      "defaultHidden": false
    },
    {
      "name": "Slava",
      "github": "vgonkivs",
      "defaultHidden": false
    },
    {
      "name": "Evan",
      "github": "evan-forbes",
      "defaultHidden": true,
      "alumni": true
    },
    {
      "name": "Vlad",
      "github": "walldiss",
      "defaultHidden": true,
      "alumni": true
    },
    {
      "name": "Hlib",
      "github": "Wondertan",
      "defaultHidden": true,
      "alumni": true
    },
    {
      "name": "Jose",
      "github": "tty47",
      "defaultHidden": false
    },
    {
      "name": "Cris",
      "github": "pippokr",
      "defaultHidden": false
    },
    {
      "name": "Rene",
      "github": "renaynay",
      "defaultHidden": false
    },
    {
      "name": "Cian",
      "github": "chatton",
      "defaultHidden": false
    }
  ],
  "computedAt": "2026-06-29T00:27:49.077Z",
  "windows": {
    "weekStart": "2026-06-29T00:00:00.000Z",
    "monthStart": "2026-06-01T00:00:00.000Z",
    "yearStart": "2026-01-01T00:00:00.000Z"
  }
}