{
  "latencies": {
    "rootulp": {
      "week": {
        "n": 0,
        "medianHours": null,
        "p90Hours": null
      },
      "month": {
        "n": 10,
        "medianHours": 4.645833333333333,
        "p90Hours": 49.154444444444444
      },
      "year": {
        "n": 163,
        "medianHours": 3.6341666666666668,
        "p90Hours": 36.657222222222224
      }
    },
    "ninabarbakadze": {
      "week": {
        "n": 3,
        "medianHours": 0.9288888888888889,
        "p90Hours": 5.6530555555555555
      },
      "month": {
        "n": 23,
        "medianHours": 7.548611111111111,
        "p90Hours": 49.39277777777778
      },
      "year": {
        "n": 217,
        "medianHours": 8.774722222222222,
        "p90Hours": 57.10861111111111
      }
    },
    "rach-id": {
      "week": {
        "n": 7,
        "medianHours": 0.35583333333333333,
        "p90Hours": 56.355
      },
      "month": {
        "n": 21,
        "medianHours": 1.6888888888888889,
        "p90Hours": 42.143055555555556
      },
      "year": {
        "n": 308,
        "medianHours": 2.8441666666666667,
        "p90Hours": 38.30638888888889
      }
    },
    "mcrakhman": {
      "week": {
        "n": 0,
        "medianHours": null,
        "p90Hours": null
      },
      "month": {
        "n": 4,
        "medianHours": 6.545833333333333,
        "p90Hours": 447.57416666666666
      },
      "year": {
        "n": 40,
        "medianHours": 12.354444444444445,
        "p90Hours": 146.78944444444446
      }
    },
    "vgonkivs": {
      "week": {
        "n": 1,
        "medianHours": 259.80555555555554,
        "p90Hours": 259.80555555555554
      },
      "month": {
        "n": 4,
        "medianHours": 259.80555555555554,
        "p90Hours": 1636.1025
      },
      "year": {
        "n": 36,
        "medianHours": 69.77527777777777,
        "p90Hours": 527.4561111111111
      }
    },
    "evan-forbes": {
      "week": {
        "n": 0,
        "medianHours": null,
        "p90Hours": null
      },
      "month": {
        "n": 21,
        "medianHours": 54.23305555555555,
        "p90Hours": 145.37166666666667
      },
      "year": {
        "n": 80,
        "medianHours": 8.630277777777778,
        "p90Hours": 108.07444444444444
      }
    },
    "walldiss": {
      "week": {
        "n": 0,
        "medianHours": null,
        "p90Hours": null
      },
      "month": {
        "n": 6,
        "medianHours": 29.1275,
        "p90Hours": 93.79638888888888
      },
      "year": {
        "n": 53,
        "medianHours": 26.451666666666668,
        "p90Hours": 363.5077777777778
      }
    },
    "Wondertan": {
      "week": {
        "n": 0,
        "medianHours": null,
        "p90Hours": null
      },
      "month": {
        "n": 2,
        "medianHours": 7.635,
        "p90Hours": 7.635
      },
      "year": {
        "n": 25,
        "medianHours": 2.216388888888889,
        "p90Hours": 91.83944444444444
      }
    }
  },
  "teamMembers": [
    {
      "name": "Rootul",
      "github": "rootulp",
      "defaultHidden": false
    },
    {
      "name": "Nina",
      "github": "ninabarbakadze",
      "defaultHidden": false
    },
    {
      "name": "Rachid",
      "github": "rach-id",
      "defaultHidden": false
    },
    {
      "name": "Mikhail",
      "github": "mcrakhman",
      "defaultHidden": false
    },
    {
      "name": "Slava",
      "github": "vgonkivs",
      "defaultHidden": false
    },
    {
      "name": "Evan",
      "github": "evan-forbes",
      "defaultHidden": false
    },
    {
      "name": "Vlad",
      "github": "walldiss",
      "defaultHidden": true
    },
    {
      "name": "Hlib",
      "github": "Wondertan",
      "defaultHidden": true
    }
  ],
  "computedAt": "2026-05-26T00:24:49.095Z",
  "windows": {
    "weekStart": "2026-05-25T00:00:00.000Z",
    "monthStart": "2026-05-01T00:00:00.000Z",
    "yearStart": "2026-01-01T00:00:00.000Z"
  }
}