{
  "latencies": {
    "rootulp": {
      "week": {
        "n": 16,
        "medianHours": 5.588611111111111,
        "p90Hours": 53.81805555555555
      },
      "month": {
        "n": 49,
        "medianHours": 3.7808333333333333,
        "p90Hours": 14.943055555555556
      },
      "year": {
        "n": 147,
        "medianHours": 3.6233333333333335,
        "p90Hours": 16.118333333333332
      }
    },
    "ninabarbakadze": {
      "week": {
        "n": 10,
        "medianHours": 13.011111111111111,
        "p90Hours": 40.874722222222225
      },
      "month": {
        "n": 63,
        "medianHours": 12.116944444444444,
        "p90Hours": 29.384444444444444
      },
      "year": {
        "n": 185,
        "medianHours": 8.477222222222222,
        "p90Hours": 50.51305555555555
      }
    },
    "rach-id": {
      "week": {
        "n": 0,
        "medianHours": null,
        "p90Hours": null
      },
      "month": {
        "n": 22,
        "medianHours": 0.2602777777777778,
        "p90Hours": 4.1075
      },
      "year": {
        "n": 288,
        "medianHours": 2.8441666666666667,
        "p90Hours": 38.25416666666667
      }
    },
    "mcrakhman": {
      "week": {
        "n": 2,
        "medianHours": 36.99444444444445,
        "p90Hours": 36.99444444444445
      },
      "month": {
        "n": 19,
        "medianHours": 15.403333333333334,
        "p90Hours": 111.00305555555556
      },
      "year": {
        "n": 36,
        "medianHours": 12.374722222222223,
        "p90Hours": 133.54
      }
    },
    "vgonkivs": {
      "week": {
        "n": 5,
        "medianHours": 31.34138888888889,
        "p90Hours": 190.2397222222222
      },
      "month": {
        "n": 8,
        "medianHours": 33.60527777777778,
        "p90Hours": 795.8888888888889
      },
      "year": {
        "n": 33,
        "medianHours": 31.622222222222224,
        "p90Hours": 334.7630555555556
      }
    },
    "evan-forbes": {
      "week": {
        "n": 0,
        "medianHours": null,
        "p90Hours": null
      },
      "month": {
        "n": 10,
        "medianHours": 8.3975,
        "p90Hours": 301.37888888888887
      },
      "year": {
        "n": 59,
        "medianHours": 4.485277777777778,
        "p90Hours": 81.59361111111112
      }
    },
    "cmwaters": {
      "week": {
        "n": 0,
        "medianHours": null,
        "p90Hours": null
      },
      "month": {
        "n": 0,
        "medianHours": null,
        "p90Hours": null
      },
      "year": {
        "n": 6,
        "medianHours": 65.71083333333333,
        "p90Hours": 129.4586111111111
      }
    },
    "walldiss": {
      "week": {
        "n": 0,
        "medianHours": null,
        "p90Hours": null
      },
      "month": {
        "n": 6,
        "medianHours": 4.8525,
        "p90Hours": 480.12833333333333
      },
      "year": {
        "n": 48,
        "medianHours": 30.19333333333333,
        "p90Hours": 480.12833333333333
      }
    },
    "Wondertan": {
      "week": {
        "n": 0,
        "medianHours": null,
        "p90Hours": null
      },
      "month": {
        "n": 2,
        "medianHours": 91.83944444444444,
        "p90Hours": 91.83944444444444
      },
      "year": {
        "n": 26,
        "medianHours": 1.9088888888888889,
        "p90Hours": 91.83944444444444
      }
    }
  },
  "teamMembers": [
    {
      "name": "Rootul",
      "github": "rootulp",
      "defaultHidden": false
    },
    {
      "name": "Nina",
      "github": "ninabarbakadze",
      "defaultHidden": false
    },
    {
      "name": "Rachid",
      "github": "rach-id",
      "defaultHidden": false
    },
    {
      "name": "Mikhail",
      "github": "mcrakhman",
      "defaultHidden": false
    },
    {
      "name": "Slava",
      "github": "vgonkivs",
      "defaultHidden": false
    },
    {
      "name": "Evan",
      "github": "evan-forbes",
      "defaultHidden": false
    },
    {
      "name": "Callum",
      "github": "cmwaters",
      "defaultHidden": false
    },
    {
      "name": "Vlad",
      "github": "walldiss",
      "defaultHidden": true
    },
    {
      "name": "Hlib",
      "github": "Wondertan",
      "defaultHidden": true
    }
  ],
  "computedAt": "2026-04-24T00:18:07.078Z",
  "windows": {
    "weekStart": "2026-04-20T00:00:00.000Z",
    "monthStart": "2026-04-01T00:00:00.000Z",
    "yearStart": "2026-01-01T00:00:00.000Z"
  }
}