{
  "latencies": {
    "rootulp": {
      "week": {
        "n": 0,
        "medianHours": null,
        "p90Hours": null
      },
      "month": {
        "n": 0,
        "medianHours": null,
        "p90Hours": null
      },
      "year": {
        "n": 168,
        "medianHours": 3.6341666666666668,
        "p90Hours": 36.657222222222224
      }
    },
    "ninabarbakadze": {
      "week": {
        "n": 1,
        "medianHours": 0.023333333333333334,
        "p90Hours": 0.023333333333333334
      },
      "month": {
        "n": 1,
        "medianHours": 0.023333333333333334,
        "p90Hours": 0.023333333333333334
      },
      "year": {
        "n": 270,
        "medianHours": 8.22861111111111,
        "p90Hours": 56.1975
      }
    },
    "rach-id": {
      "week": {
        "n": 11,
        "medianHours": 1.7861111111111112,
        "p90Hours": 13.898333333333333
      },
      "month": {
        "n": 11,
        "medianHours": 1.7861111111111112,
        "p90Hours": 13.898333333333333
      },
      "year": {
        "n": 420,
        "medianHours": 1.9458333333333333,
        "p90Hours": 30.56138888888889
      }
    },
    "mcrakhman": {
      "week": {
        "n": 4,
        "medianHours": 52.88583333333333,
        "p90Hours": 89.11916666666667
      },
      "month": {
        "n": 4,
        "medianHours": 52.88583333333333,
        "p90Hours": 89.11916666666667
      },
      "year": {
        "n": 67,
        "medianHours": 22.17861111111111,
        "p90Hours": 229.42666666666668
      }
    },
    "vgonkivs": {
      "week": {
        "n": 3,
        "medianHours": 0.4777777777777778,
        "p90Hours": 9.37
      },
      "month": {
        "n": 3,
        "medianHours": 0.4777777777777778,
        "p90Hours": 9.37
      },
      "year": {
        "n": 79,
        "medianHours": 26.82888888888889,
        "p90Hours": 259.80555555555554
      }
    },
    "evan-forbes": {
      "week": {
        "n": 0,
        "medianHours": null,
        "p90Hours": null
      },
      "month": {
        "n": 0,
        "medianHours": null,
        "p90Hours": null
      },
      "year": {
        "n": 84,
        "medianHours": 8.129166666666666,
        "p90Hours": 90.62222222222222
      }
    },
    "walldiss": {
      "week": {
        "n": 0,
        "medianHours": null,
        "p90Hours": null
      },
      "month": {
        "n": 0,
        "medianHours": null,
        "p90Hours": null
      },
      "year": {
        "n": 54,
        "medianHours": 29.1275,
        "p90Hours": 363.5077777777778
      }
    },
    "Wondertan": {
      "week": {
        "n": 0,
        "medianHours": null,
        "p90Hours": null
      },
      "month": {
        "n": 0,
        "medianHours": null,
        "p90Hours": null
      },
      "year": {
        "n": 26,
        "medianHours": 2.216388888888889,
        "p90Hours": 91.83944444444444
      }
    },
    "tty47": {
      "week": {
        "n": 0,
        "medianHours": null,
        "p90Hours": null
      },
      "month": {
        "n": 0,
        "medianHours": null,
        "p90Hours": null
      },
      "year": {
        "n": 0,
        "medianHours": null,
        "p90Hours": null
      }
    },
    "pippokr": {
      "week": {
        "n": 0,
        "medianHours": null,
        "p90Hours": null
      },
      "month": {
        "n": 0,
        "medianHours": null,
        "p90Hours": null
      },
      "year": {
        "n": 0,
        "medianHours": null,
        "p90Hours": null
      }
    },
    "renaynay": {
      "week": {
        "n": 0,
        "medianHours": null,
        "p90Hours": null
      },
      "month": {
        "n": 0,
        "medianHours": null,
        "p90Hours": null
      },
      "year": {
        "n": 16,
        "medianHours": 20.55472222222222,
        "p90Hours": 357.9772222222222
      }
    },
    "chatton": {
      "week": {
        "n": 0,
        "medianHours": null,
        "p90Hours": null
      },
      "month": {
        "n": 0,
        "medianHours": null,
        "p90Hours": null
      },
      "year": {
        "n": 2,
        "medianHours": 92.48722222222223,
        "p90Hours": 92.48722222222223
      }
    }
  },
  "teamMembers": [
    {
      "name": "Rootul",
      "github": "rootulp",
      "defaultHidden": false
    },
    {
      "name": "Nina",
      "github": "ninabarbakadze",
      "defaultHidden": false
    },
    {
      "name": "Rachid",
      "github": "rach-id",
      "defaultHidden": false
    },
    {
      "name": "Mikhail",
      "github": "mcrakhman",
      "defaultHidden": false
    },
    {
      "name": "Slava",
      "github": "vgonkivs",
      "defaultHidden": false
    },
    {
      "name": "Evan",
      "github": "evan-forbes",
      "defaultHidden": true,
      "alumni": true
    },
    {
      "name": "Vlad",
      "github": "walldiss",
      "defaultHidden": true,
      "alumni": true
    },
    {
      "name": "Hlib",
      "github": "Wondertan",
      "defaultHidden": true,
      "alumni": true
    },
    {
      "name": "Jose",
      "github": "tty47",
      "defaultHidden": false
    },
    {
      "name": "Cris",
      "github": "pippokr",
      "defaultHidden": false
    },
    {
      "name": "Rene",
      "github": "renaynay",
      "defaultHidden": false
    },
    {
      "name": "Cian",
      "github": "chatton",
      "defaultHidden": false
    }
  ],
  "computedAt": "2026-07-05T00:24:03.457Z",
  "windows": {
    "weekStart": "2026-06-29T00:00:00.000Z",
    "monthStart": "2026-07-01T00:00:00.000Z",
    "yearStart": "2026-01-01T00:00:00.000Z"
  }
}