{
  "latencies": {
    "rootulp": {
      "week": {
        "n": 4,
        "medianHours": 55.55027777777778,
        "p90Hours": 57.1475
      },
      "month": {
        "n": 53,
        "medianHours": 4.178333333333334,
        "p90Hours": 53.81805555555555
      },
      "year": {
        "n": 151,
        "medianHours": 3.6766666666666667,
        "p90Hours": 25.343611111111112
      }
    },
    "ninabarbakadze": {
      "week": {
        "n": 8,
        "medianHours": 86.4375,
        "p90Hours": 1091.715
      },
      "month": {
        "n": 71,
        "medianHours": 12.230277777777777,
        "p90Hours": 60.69166666666667
      },
      "year": {
        "n": 193,
        "medianHours": 8.774722222222222,
        "p90Hours": 56.1975
      }
    },
    "rach-id": {
      "week": {
        "n": 0,
        "medianHours": null,
        "p90Hours": null
      },
      "month": {
        "n": 22,
        "medianHours": 0.2602777777777778,
        "p90Hours": 4.1075
      },
      "year": {
        "n": 287,
        "medianHours": 2.8441666666666667,
        "p90Hours": 38.25416666666667
      }
    },
    "mcrakhman": {
      "week": {
        "n": 1,
        "medianHours": 94.73277777777778,
        "p90Hours": 94.73277777777778
      },
      "month": {
        "n": 20,
        "medianHours": 15.412222222222223,
        "p90Hours": 111.00305555555556
      },
      "year": {
        "n": 36,
        "medianHours": 12.374722222222223,
        "p90Hours": 133.54
      }
    },
    "vgonkivs": {
      "week": {
        "n": 2,
        "medianHours": 21.441944444444445,
        "p90Hours": 21.441944444444445
      },
      "month": {
        "n": 10,
        "medianHours": 31.622222222222224,
        "p90Hours": 795.8888888888889
      },
      "year": {
        "n": 32,
        "medianHours": 33.60527777777778,
        "p90Hours": 334.7630555555556
      }
    },
    "evan-forbes": {
      "week": {
        "n": 1,
        "medianHours": 57.72388888888889,
        "p90Hours": 57.72388888888889
      },
      "month": {
        "n": 11,
        "medianHours": 8.3975,
        "p90Hours": 131.04583333333332
      },
      "year": {
        "n": 59,
        "medianHours": 4.485277777777778,
        "p90Hours": 57.72388888888889
      }
    },
    "walldiss": {
      "week": {
        "n": 0,
        "medianHours": null,
        "p90Hours": null
      },
      "month": {
        "n": 6,
        "medianHours": 4.8525,
        "p90Hours": 480.12833333333333
      },
      "year": {
        "n": 46,
        "medianHours": 26.451666666666668,
        "p90Hours": 383.1430555555556
      }
    },
    "Wondertan": {
      "week": {
        "n": 0,
        "medianHours": null,
        "p90Hours": null
      },
      "month": {
        "n": 2,
        "medianHours": 91.83944444444444,
        "p90Hours": 91.83944444444444
      },
      "year": {
        "n": 22,
        "medianHours": 2.098333333333333,
        "p90Hours": 91.83944444444444
      }
    }
  },
  "teamMembers": [
    {
      "name": "Rootul",
      "github": "rootulp",
      "defaultHidden": false
    },
    {
      "name": "Nina",
      "github": "ninabarbakadze",
      "defaultHidden": false
    },
    {
      "name": "Rachid",
      "github": "rach-id",
      "defaultHidden": false
    },
    {
      "name": "Mikhail",
      "github": "mcrakhman",
      "defaultHidden": false
    },
    {
      "name": "Slava",
      "github": "vgonkivs",
      "defaultHidden": false
    },
    {
      "name": "Evan",
      "github": "evan-forbes",
      "defaultHidden": false
    },
    {
      "name": "Vlad",
      "github": "walldiss",
      "defaultHidden": true
    },
    {
      "name": "Hlib",
      "github": "Wondertan",
      "defaultHidden": true
    }
  ],
  "computedAt": "2026-04-30T00:20:40.647Z",
  "windows": {
    "weekStart": "2026-04-27T00:00:00.000Z",
    "monthStart": "2026-04-01T00:00:00.000Z",
    "yearStart": "2026-01-01T00:00:00.000Z"
  }
}