{
  "latencies": {
    "rootulp": {
      "week": {
        "n": 0,
        "medianHours": null,
        "p90Hours": null
      },
      "month": {
        "n": 46,
        "medianHours": 3.825277777777778,
        "p90Hours": 14.943055555555556
      },
      "year": {
        "n": 129,
        "medianHours": 3.6341666666666668,
        "p90Hours": 16.118333333333332
      }
    },
    "ninabarbakadze": {
      "week": {
        "n": 2,
        "medianHours": 0.3219444444444444,
        "p90Hours": 0.3219444444444444
      },
      "month": {
        "n": 62,
        "medianHours": 12.116944444444444,
        "p90Hours": 29.384444444444444
      },
      "year": {
        "n": 177,
        "medianHours": 8.163611111111111,
        "p90Hours": 53.346111111111114
      }
    },
    "rach-id": {
      "week": {
        "n": 0,
        "medianHours": null,
        "p90Hours": null
      },
      "month": {
        "n": 19,
        "medianHours": 0.2788888888888889,
        "p90Hours": 9.453611111111112
      },
      "year": {
        "n": 259,
        "medianHours": 2.5191666666666666,
        "p90Hours": 36.55861111111111
      }
    },
    "mcrakhman": {
      "week": {
        "n": 1,
        "medianHours": 94.73277777777778,
        "p90Hours": 94.73277777777778
      },
      "month": {
        "n": 20,
        "medianHours": 15.412222222222223,
        "p90Hours": 111.00305555555556
      },
      "year": {
        "n": 34,
        "medianHours": 12.374722222222223,
        "p90Hours": 133.54
      }
    },
    "vgonkivs": {
      "week": {
        "n": 0,
        "medianHours": null,
        "p90Hours": null
      },
      "month": {
        "n": 8,
        "medianHours": 33.60527777777778,
        "p90Hours": 795.8888888888889
      },
      "year": {
        "n": 29,
        "medianHours": 91.51388888888889,
        "p90Hours": 527.4561111111111
      }
    },
    "evan-forbes": {
      "week": {
        "n": 1,
        "medianHours": 57.72388888888889,
        "p90Hours": 57.72388888888889
      },
      "month": {
        "n": 11,
        "medianHours": 8.3975,
        "p90Hours": 131.04583333333332
      },
      "year": {
        "n": 58,
        "medianHours": 4.485277777777778,
        "p90Hours": 50.30777777777778
      }
    },
    "cmwaters": {
      "week": {
        "n": 0,
        "medianHours": null,
        "p90Hours": null
      },
      "month": {
        "n": 0,
        "medianHours": null,
        "p90Hours": null
      },
      "year": {
        "n": 5,
        "medianHours": 65.71083333333333,
        "p90Hours": 129.4586111111111
      }
    },
    "walldiss": {
      "week": {
        "n": 0,
        "medianHours": null,
        "p90Hours": null
      },
      "month": {
        "n": 6,
        "medianHours": 4.8525,
        "p90Hours": 480.12833333333333
      },
      "year": {
        "n": 46,
        "medianHours": 26.451666666666668,
        "p90Hours": 383.1430555555556
      }
    },
    "Wondertan": {
      "week": {
        "n": 0,
        "medianHours": null,
        "p90Hours": null
      },
      "month": {
        "n": 2,
        "medianHours": 91.83944444444444,
        "p90Hours": 91.83944444444444
      },
      "year": {
        "n": 19,
        "medianHours": 1.9088888888888889,
        "p90Hours": 91.83944444444444
      }
    }
  },
  "teamMembers": [
    {
      "name": "Rootul",
      "github": "rootulp",
      "defaultHidden": false
    },
    {
      "name": "Nina",
      "github": "ninabarbakadze",
      "defaultHidden": false
    },
    {
      "name": "Rachid",
      "github": "rach-id",
      "defaultHidden": false
    },
    {
      "name": "Mikhail",
      "github": "mcrakhman",
      "defaultHidden": false
    },
    {
      "name": "Slava",
      "github": "vgonkivs",
      "defaultHidden": false
    },
    {
      "name": "Evan",
      "github": "evan-forbes",
      "defaultHidden": false
    },
    {
      "name": "Callum",
      "github": "cmwaters",
      "defaultHidden": false
    },
    {
      "name": "Vlad",
      "github": "walldiss",
      "defaultHidden": true
    },
    {
      "name": "Hlib",
      "github": "Wondertan",
      "defaultHidden": true
    }
  ],
  "computedAt": "2026-04-28T00:19:37.774Z",
  "windows": {
    "weekStart": "2026-04-27T00:00:00.000Z",
    "monthStart": "2026-04-01T00:00:00.000Z",
    "yearStart": "2026-01-01T00:00:00.000Z"
  }
}