{
  "latencies": {
    "rootulp": {
      "week": {
        "n": 2,
        "medianHours": 2.7594444444444446,
        "p90Hours": 2.7594444444444446
      },
      "month": {
        "n": 2,
        "medianHours": 2.7594444444444446,
        "p90Hours": 2.7594444444444446
      },
      "year": {
        "n": 167,
        "medianHours": 3.6280555555555556,
        "p90Hours": 36.657222222222224
      }
    },
    "ninabarbakadze": {
      "week": {
        "n": 4,
        "medianHours": 5.913611111111111,
        "p90Hours": 24.593611111111112
      },
      "month": {
        "n": 4,
        "medianHours": 5.913611111111111,
        "p90Hours": 24.593611111111112
      },
      "year": {
        "n": 226,
        "medianHours": 9.436666666666667,
        "p90Hours": 56.1975
      }
    },
    "rach-id": {
      "week": {
        "n": 18,
        "medianHours": 1.1816666666666666,
        "p90Hours": 9.349444444444444
      },
      "month": {
        "n": 18,
        "medianHours": 1.1816666666666666,
        "p90Hours": 9.349444444444444
      },
      "year": {
        "n": 337,
        "medianHours": 2.476111111111111,
        "p90Hours": 35.84111111111111
      }
    },
    "mcrakhman": {
      "week": {
        "n": 1,
        "medianHours": 139.51444444444445,
        "p90Hours": 139.51444444444445
      },
      "month": {
        "n": 1,
        "medianHours": 139.51444444444445,
        "p90Hours": 139.51444444444445
      },
      "year": {
        "n": 41,
        "medianHours": 12.354444444444445,
        "p90Hours": 139.51444444444445
      }
    },
    "vgonkivs": {
      "week": {
        "n": 1,
        "medianHours": 4.696944444444444,
        "p90Hours": 4.696944444444444
      },
      "month": {
        "n": 1,
        "medianHours": 4.696944444444444,
        "p90Hours": 4.696944444444444
      },
      "year": {
        "n": 37,
        "medianHours": 33.60527777777778,
        "p90Hours": 527.4561111111111
      }
    },
    "evan-forbes": {
      "week": {
        "n": 3,
        "medianHours": 0.4286111111111111,
        "p90Hours": 0.49833333333333335
      },
      "month": {
        "n": 3,
        "medianHours": 0.4286111111111111,
        "p90Hours": 0.49833333333333335
      },
      "year": {
        "n": 84,
        "medianHours": 8.129166666666666,
        "p90Hours": 90.62222222222222
      }
    },
    "walldiss": {
      "week": {
        "n": 0,
        "medianHours": null,
        "p90Hours": null
      },
      "month": {
        "n": 0,
        "medianHours": null,
        "p90Hours": null
      },
      "year": {
        "n": 53,
        "medianHours": 26.451666666666668,
        "p90Hours": 363.5077777777778
      }
    },
    "Wondertan": {
      "week": {
        "n": 0,
        "medianHours": null,
        "p90Hours": null
      },
      "month": {
        "n": 0,
        "medianHours": null,
        "p90Hours": null
      },
      "year": {
        "n": 25,
        "medianHours": 2.216388888888889,
        "p90Hours": 91.83944444444444
      }
    }
  },
  "teamMembers": [
    {
      "name": "Rootul",
      "github": "rootulp",
      "defaultHidden": false
    },
    {
      "name": "Nina",
      "github": "ninabarbakadze",
      "defaultHidden": false
    },
    {
      "name": "Rachid",
      "github": "rach-id",
      "defaultHidden": false
    },
    {
      "name": "Mikhail",
      "github": "mcrakhman",
      "defaultHidden": false
    },
    {
      "name": "Slava",
      "github": "vgonkivs",
      "defaultHidden": false
    },
    {
      "name": "Evan",
      "github": "evan-forbes",
      "defaultHidden": false
    },
    {
      "name": "Vlad",
      "github": "walldiss",
      "defaultHidden": true
    },
    {
      "name": "Hlib",
      "github": "Wondertan",
      "defaultHidden": true
    }
  ],
  "computedAt": "2026-06-04T00:36:25.491Z",
  "windows": {
    "weekStart": "2026-06-01T00:00:00.000Z",
    "monthStart": "2026-06-01T00:00:00.000Z",
    "yearStart": "2026-01-01T00:00:00.000Z"
  }
}