{
  "latencies": {
    "rootulp": {
      "week": {
        "n": 1,
        "medianHours": 0.45055555555555554,
        "p90Hours": 0.45055555555555554
      },
      "month": {
        "n": 4,
        "medianHours": 2.7594444444444446,
        "p90Hours": 6.3933333333333335
      },
      "year": {
        "n": 169,
        "medianHours": 3.6280555555555556,
        "p90Hours": 36.657222222222224
      }
    },
    "ninabarbakadze": {
      "week": {
        "n": 6,
        "medianHours": 13.573055555555555,
        "p90Hours": 280.39416666666665
      },
      "month": {
        "n": 13,
        "medianHours": 5.913611111111111,
        "p90Hours": 90.4475
      },
      "year": {
        "n": 235,
        "medianHours": 9.436666666666667,
        "p90Hours": 57.17722222222222
      }
    },
    "rach-id": {
      "week": {
        "n": 9,
        "medianHours": 1.0419444444444443,
        "p90Hours": 70.58833333333334
      },
      "month": {
        "n": 34,
        "medianHours": 1.0480555555555555,
        "p90Hours": 10.706944444444444
      },
      "year": {
        "n": 353,
        "medianHours": 2.403611111111111,
        "p90Hours": 35.36555555555555
      }
    },
    "mcrakhman": {
      "week": {
        "n": 0,
        "medianHours": null,
        "p90Hours": null
      },
      "month": {
        "n": 2,
        "medianHours": 319.37583333333333,
        "p90Hours": 319.37583333333333
      },
      "year": {
        "n": 42,
        "medianHours": 12.374722222222223,
        "p90Hours": 146.78944444444446
      }
    },
    "vgonkivs": {
      "week": {
        "n": 0,
        "medianHours": null,
        "p90Hours": null
      },
      "month": {
        "n": 1,
        "medianHours": 4.696944444444444,
        "p90Hours": 4.696944444444444
      },
      "year": {
        "n": 37,
        "medianHours": 33.60527777777778,
        "p90Hours": 527.4561111111111
      }
    },
    "evan-forbes": {
      "week": {
        "n": 0,
        "medianHours": null,
        "p90Hours": null
      },
      "month": {
        "n": 3,
        "medianHours": 0.4286111111111111,
        "p90Hours": 0.49833333333333335
      },
      "year": {
        "n": 84,
        "medianHours": 8.129166666666666,
        "p90Hours": 90.62222222222222
      }
    },
    "walldiss": {
      "week": {
        "n": 1,
        "medianHours": 340.4530555555556,
        "p90Hours": 340.4530555555556
      },
      "month": {
        "n": 1,
        "medianHours": 340.4530555555556,
        "p90Hours": 340.4530555555556
      },
      "year": {
        "n": 54,
        "medianHours": 29.1275,
        "p90Hours": 363.5077777777778
      }
    },
    "Wondertan": {
      "week": {
        "n": 0,
        "medianHours": null,
        "p90Hours": null
      },
      "month": {
        "n": 1,
        "medianHours": 0.055,
        "p90Hours": 0.055
      },
      "year": {
        "n": 26,
        "medianHours": 2.216388888888889,
        "p90Hours": 91.83944444444444
      }
    }
  },
  "teamMembers": [
    {
      "name": "Rootul",
      "github": "rootulp",
      "defaultHidden": false
    },
    {
      "name": "Nina",
      "github": "ninabarbakadze",
      "defaultHidden": false
    },
    {
      "name": "Rachid",
      "github": "rach-id",
      "defaultHidden": false
    },
    {
      "name": "Mikhail",
      "github": "mcrakhman",
      "defaultHidden": false
    },
    {
      "name": "Slava",
      "github": "vgonkivs",
      "defaultHidden": false
    },
    {
      "name": "Evan",
      "github": "evan-forbes",
      "defaultHidden": false
    },
    {
      "name": "Vlad",
      "github": "walldiss",
      "defaultHidden": true
    },
    {
      "name": "Hlib",
      "github": "Wondertan",
      "defaultHidden": true
    }
  ],
  "computedAt": "2026-06-10T00:30:22.017Z",
  "windows": {
    "weekStart": "2026-06-08T00:00:00.000Z",
    "monthStart": "2026-06-01T00:00:00.000Z",
    "yearStart": "2026-01-01T00:00:00.000Z"
  }
}