{
  "latencies": {
    "rootulp": {
      "week": {
        "n": 1,
        "medianHours": 4.645833333333333,
        "p90Hours": 4.645833333333333
      },
      "month": {
        "n": 6,
        "medianHours": 0.5027777777777778,
        "p90Hours": 36.348333333333336
      },
      "year": {
        "n": 159,
        "medianHours": 3.624722222222222,
        "p90Hours": 27.341666666666665
      }
    },
    "ninabarbakadze": {
      "week": {
        "n": 0,
        "medianHours": null,
        "p90Hours": null
      },
      "month": {
        "n": 20,
        "medianHours": 10.818333333333333,
        "p90Hours": 60.93416666666667
      },
      "year": {
        "n": 214,
        "medianHours": 9.8975,
        "p90Hours": 57.10861111111111
      }
    },
    "rach-id": {
      "week": {
        "n": 0,
        "medianHours": null,
        "p90Hours": null
      },
      "month": {
        "n": 8,
        "medianHours": 7.668888888888889,
        "p90Hours": 393.1922222222222
      },
      "year": {
        "n": 295,
        "medianHours": 2.9383333333333335,
        "p90Hours": 38.25416666666667
      }
    },
    "mcrakhman": {
      "week": {
        "n": 0,
        "medianHours": null,
        "p90Hours": null
      },
      "month": {
        "n": 3,
        "medianHours": 2.8625,
        "p90Hours": 6.545833333333333
      },
      "year": {
        "n": 39,
        "medianHours": 6.545833333333333,
        "p90Hours": 133.54
      }
    },
    "vgonkivs": {
      "week": {
        "n": 0,
        "medianHours": null,
        "p90Hours": null
      },
      "month": {
        "n": 2,
        "medianHours": 1636.1025,
        "p90Hours": 1636.1025
      },
      "year": {
        "n": 34,
        "medianHours": 33.60527777777778,
        "p90Hours": 527.4561111111111
      }
    },
    "evan-forbes": {
      "week": {
        "n": 0,
        "medianHours": null,
        "p90Hours": null
      },
      "month": {
        "n": 19,
        "medianHours": 58.08027777777778,
        "p90Hours": 169.02777777777777
      },
      "year": {
        "n": 78,
        "medianHours": 8.3975,
        "p90Hours": 108.07444444444444
      }
    },
    "walldiss": {
      "week": {
        "n": 0,
        "medianHours": null,
        "p90Hours": null
      },
      "month": {
        "n": 0,
        "medianHours": null,
        "p90Hours": null
      },
      "year": {
        "n": 47,
        "medianHours": 26.451666666666668,
        "p90Hours": 383.1430555555556
      }
    },
    "Wondertan": {
      "week": {
        "n": 0,
        "medianHours": null,
        "p90Hours": null
      },
      "month": {
        "n": 2,
        "medianHours": 7.635,
        "p90Hours": 7.635
      },
      "year": {
        "n": 25,
        "medianHours": 2.216388888888889,
        "p90Hours": 91.83944444444444
      }
    }
  },
  "teamMembers": [
    {
      "name": "Rootul",
      "github": "rootulp",
      "defaultHidden": false
    },
    {
      "name": "Nina",
      "github": "ninabarbakadze",
      "defaultHidden": false
    },
    {
      "name": "Rachid",
      "github": "rach-id",
      "defaultHidden": false
    },
    {
      "name": "Mikhail",
      "github": "mcrakhman",
      "defaultHidden": false
    },
    {
      "name": "Slava",
      "github": "vgonkivs",
      "defaultHidden": false
    },
    {
      "name": "Evan",
      "github": "evan-forbes",
      "defaultHidden": false
    },
    {
      "name": "Vlad",
      "github": "walldiss",
      "defaultHidden": true
    },
    {
      "name": "Hlib",
      "github": "Wondertan",
      "defaultHidden": true
    }
  ],
  "computedAt": "2026-05-19T00:26:13.115Z",
  "windows": {
    "weekStart": "2026-05-18T00:00:00.000Z",
    "monthStart": "2026-05-01T00:00:00.000Z",
    "yearStart": "2026-01-01T00:00:00.000Z"
  }
}