{
  "latencies": {
    "rootulp": {
      "week": {
        "n": 0,
        "medianHours": null,
        "p90Hours": null
      },
      "month": {
        "n": 0,
        "medianHours": null,
        "p90Hours": null
      },
      "year": {
        "n": 169,
        "medianHours": 3.6280555555555556,
        "p90Hours": 36.657222222222224
      }
    },
    "ninabarbakadze": {
      "week": {
        "n": 5,
        "medianHours": 23.14388888888889,
        "p90Hours": 90.1975
      },
      "month": {
        "n": 21,
        "medianHours": 23.14388888888889,
        "p90Hours": 100.8425
      },
      "year": {
        "n": 290,
        "medianHours": 8.477222222222222,
        "p90Hours": 60.69166666666667
      }
    },
    "rach-id": {
      "week": {
        "n": 6,
        "medianHours": 0.5927777777777777,
        "p90Hours": 1.5966666666666667
      },
      "month": {
        "n": 38,
        "medianHours": 1.5966666666666667,
        "p90Hours": 29.038611111111113
      },
      "year": {
        "n": 447,
        "medianHours": 1.745,
        "p90Hours": 29.308333333333334
      }
    },
    "mcrakhman": {
      "week": {
        "n": 0,
        "medianHours": null,
        "p90Hours": null
      },
      "month": {
        "n": 5,
        "medianHours": 26.96527777777778,
        "p90Hours": 89.11916666666667
      },
      "year": {
        "n": 69,
        "medianHours": 22.17861111111111,
        "p90Hours": 229.42666666666668
      }
    },
    "vgonkivs": {
      "week": {
        "n": 12,
        "medianHours": 1.6555555555555554,
        "p90Hours": 24.345555555555556
      },
      "month": {
        "n": 45,
        "medianHours": 3.593888888888889,
        "p90Hours": 28.238888888888887
      },
      "year": {
        "n": 124,
        "medianHours": 9.5025,
        "p90Hours": 166.09166666666667
      }
    },
    "evan-forbes": {
      "week": {
        "n": 0,
        "medianHours": null,
        "p90Hours": null
      },
      "month": {
        "n": 0,
        "medianHours": null,
        "p90Hours": null
      },
      "year": {
        "n": 85,
        "medianHours": 8.129166666666666,
        "p90Hours": 108.07444444444444
      }
    },
    "walldiss": {
      "week": {
        "n": 0,
        "medianHours": null,
        "p90Hours": null
      },
      "month": {
        "n": 0,
        "medianHours": null,
        "p90Hours": null
      },
      "year": {
        "n": 56,
        "medianHours": 30.19333333333333,
        "p90Hours": 457.43305555555554
      }
    },
    "Wondertan": {
      "week": {
        "n": 0,
        "medianHours": null,
        "p90Hours": null
      },
      "month": {
        "n": 0,
        "medianHours": null,
        "p90Hours": null
      },
      "year": {
        "n": 30,
        "medianHours": 2.098333333333333,
        "p90Hours": 91.83944444444444
      }
    },
    "tty47": {
      "week": {
        "n": 0,
        "medianHours": null,
        "p90Hours": null
      },
      "month": {
        "n": 0,
        "medianHours": null,
        "p90Hours": null
      },
      "year": {
        "n": 0,
        "medianHours": null,
        "p90Hours": null
      }
    },
    "pippokr": {
      "week": {
        "n": 0,
        "medianHours": null,
        "p90Hours": null
      },
      "month": {
        "n": 0,
        "medianHours": null,
        "p90Hours": null
      },
      "year": {
        "n": 0,
        "medianHours": null,
        "p90Hours": null
      }
    },
    "renaynay": {
      "week": {
        "n": 1,
        "medianHours": 92.64111111111112,
        "p90Hours": 92.64111111111112
      },
      "month": {
        "n": 1,
        "medianHours": 92.64111111111112,
        "p90Hours": 92.64111111111112
      },
      "year": {
        "n": 23,
        "medianHours": 20.55472222222222,
        "p90Hours": 357.9772222222222
      }
    },
    "chatton": {
      "week": {
        "n": 0,
        "medianHours": null,
        "p90Hours": null
      },
      "month": {
        "n": 0,
        "medianHours": null,
        "p90Hours": null
      },
      "year": {
        "n": 2,
        "medianHours": 92.48722222222223,
        "p90Hours": 92.48722222222223
      }
    }
  },
  "teamMembers": [
    {
      "name": "Rootul",
      "github": "rootulp",
      "defaultHidden": false
    },
    {
      "name": "Nina",
      "github": "ninabarbakadze",
      "defaultHidden": false
    },
    {
      "name": "Rachid",
      "github": "rach-id",
      "defaultHidden": false
    },
    {
      "name": "Mikhail",
      "github": "mcrakhman",
      "defaultHidden": false
    },
    {
      "name": "Slava",
      "github": "vgonkivs",
      "defaultHidden": false
    },
    {
      "name": "Evan",
      "github": "evan-forbes",
      "defaultHidden": true,
      "alumni": true
    },
    {
      "name": "Vlad",
      "github": "walldiss",
      "defaultHidden": true,
      "alumni": true
    },
    {
      "name": "Hlib",
      "github": "Wondertan",
      "defaultHidden": true,
      "alumni": true
    },
    {
      "name": "Jose",
      "github": "tty47",
      "defaultHidden": false
    },
    {
      "name": "Cris",
      "github": "pippokr",
      "defaultHidden": false
    },
    {
      "name": "Rene",
      "github": "renaynay",
      "defaultHidden": false
    },
    {
      "name": "Cian",
      "github": "chatton",
      "defaultHidden": false
    }
  ],
  "computedAt": "2026-07-22T00:20:12.611Z",
  "windows": {
    "weekStart": "2026-07-20T00:00:00.000Z",
    "monthStart": "2026-07-01T00:00:00.000Z",
    "yearStart": "2026-01-01T00:00:00.000Z"
  }
}