{
  "latencies": {
    "rootulp": {
      "week": {
        "n": 2,
        "medianHours": 30.35527777777778,
        "p90Hours": 30.35527777777778
      },
      "month": {
        "n": 12,
        "medianHours": 4.645833333333333,
        "p90Hours": 36.79611111111111
      },
      "year": {
        "n": 165,
        "medianHours": 3.6341666666666668,
        "p90Hours": 36.657222222222224
      }
    },
    "ninabarbakadze": {
      "week": {
        "n": 8,
        "medianHours": 21.16638888888889,
        "p90Hours": 21.370833333333334
      },
      "month": {
        "n": 28,
        "medianHours": 10.818333333333333,
        "p90Hours": 49.39277777777778
      },
      "year": {
        "n": 222,
        "medianHours": 9.8975,
        "p90Hours": 56.1975
      }
    },
    "rach-id": {
      "week": {
        "n": 15,
        "medianHours": 0.39,
        "p90Hours": 25.157222222222224
      },
      "month": {
        "n": 29,
        "medianHours": 2.3366666666666664,
        "p90Hours": 42.143055555555556
      },
      "year": {
        "n": 316,
        "medianHours": 2.8441666666666667,
        "p90Hours": 38.25416666666667
      }
    },
    "mcrakhman": {
      "week": {
        "n": 0,
        "medianHours": null,
        "p90Hours": null
      },
      "month": {
        "n": 4,
        "medianHours": 6.545833333333333,
        "p90Hours": 447.57416666666666
      },
      "year": {
        "n": 40,
        "medianHours": 12.354444444444445,
        "p90Hours": 146.78944444444446
      }
    },
    "vgonkivs": {
      "week": {
        "n": 1,
        "medianHours": 259.80555555555554,
        "p90Hours": 259.80555555555554
      },
      "month": {
        "n": 4,
        "medianHours": 259.80555555555554,
        "p90Hours": 1636.1025
      },
      "year": {
        "n": 36,
        "medianHours": 69.77527777777777,
        "p90Hours": 527.4561111111111
      }
    },
    "evan-forbes": {
      "week": {
        "n": 0,
        "medianHours": null,
        "p90Hours": null
      },
      "month": {
        "n": 21,
        "medianHours": 54.23305555555555,
        "p90Hours": 145.37166666666667
      },
      "year": {
        "n": 80,
        "medianHours": 8.630277777777778,
        "p90Hours": 108.07444444444444
      }
    },
    "walldiss": {
      "week": {
        "n": 0,
        "medianHours": null,
        "p90Hours": null
      },
      "month": {
        "n": 6,
        "medianHours": 29.1275,
        "p90Hours": 93.79638888888888
      },
      "year": {
        "n": 53,
        "medianHours": 26.451666666666668,
        "p90Hours": 363.5077777777778
      }
    },
    "Wondertan": {
      "week": {
        "n": 0,
        "medianHours": null,
        "p90Hours": null
      },
      "month": {
        "n": 2,
        "medianHours": 7.635,
        "p90Hours": 7.635
      },
      "year": {
        "n": 25,
        "medianHours": 2.216388888888889,
        "p90Hours": 91.83944444444444
      }
    }
  },
  "teamMembers": [
    {
      "name": "Rootul",
      "github": "rootulp",
      "defaultHidden": false
    },
    {
      "name": "Nina",
      "github": "ninabarbakadze",
      "defaultHidden": false
    },
    {
      "name": "Rachid",
      "github": "rach-id",
      "defaultHidden": false
    },
    {
      "name": "Mikhail",
      "github": "mcrakhman",
      "defaultHidden": false
    },
    {
      "name": "Slava",
      "github": "vgonkivs",
      "defaultHidden": false
    },
    {
      "name": "Evan",
      "github": "evan-forbes",
      "defaultHidden": false
    },
    {
      "name": "Vlad",
      "github": "walldiss",
      "defaultHidden": true
    },
    {
      "name": "Hlib",
      "github": "Wondertan",
      "defaultHidden": true
    }
  ],
  "computedAt": "2026-05-30T00:26:14.722Z",
  "windows": {
    "weekStart": "2026-05-25T00:00:00.000Z",
    "monthStart": "2026-05-01T00:00:00.000Z",
    "yearStart": "2026-01-01T00:00:00.000Z"
  }
}