{
  "latencies": {
    "rootulp": {
      "week": {
        "n": 1,
        "medianHours": 0.1925,
        "p90Hours": 0.1925
      },
      "month": {
        "n": 1,
        "medianHours": 0.1925,
        "p90Hours": 0.1925
      },
      "year": {
        "n": 154,
        "medianHours": 3.6341666666666668,
        "p90Hours": 25.343611111111112
      }
    },
    "ninabarbakadze": {
      "week": {
        "n": 9,
        "medianHours": 2.3991666666666664,
        "p90Hours": 88.67388888888888
      },
      "month": {
        "n": 9,
        "medianHours": 2.3991666666666664,
        "p90Hours": 88.67388888888888
      },
      "year": {
        "n": 203,
        "medianHours": 8.477222222222222,
        "p90Hours": 57.10861111111111
      }
    },
    "rach-id": {
      "week": {
        "n": 0,
        "medianHours": null,
        "p90Hours": null
      },
      "month": {
        "n": 0,
        "medianHours": null,
        "p90Hours": null
      },
      "year": {
        "n": 287,
        "medianHours": 2.8441666666666667,
        "p90Hours": 38.25416666666667
      }
    },
    "mcrakhman": {
      "week": {
        "n": 2,
        "medianHours": 6.545833333333333,
        "p90Hours": 6.545833333333333
      },
      "month": {
        "n": 2,
        "medianHours": 6.545833333333333,
        "p90Hours": 6.545833333333333
      },
      "year": {
        "n": 38,
        "medianHours": 12.354444444444445,
        "p90Hours": 133.54
      }
    },
    "vgonkivs": {
      "week": {
        "n": 0,
        "medianHours": null,
        "p90Hours": null
      },
      "month": {
        "n": 0,
        "medianHours": null,
        "p90Hours": null
      },
      "year": {
        "n": 32,
        "medianHours": 33.60527777777778,
        "p90Hours": 334.7630555555556
      }
    },
    "evan-forbes": {
      "week": {
        "n": 5,
        "medianHours": 81.3236111111111,
        "p90Hours": 108.16805555555555
      },
      "month": {
        "n": 6,
        "medianHours": 84.10083333333333,
        "p90Hours": 108.16805555555555
      },
      "year": {
        "n": 65,
        "medianHours": 7.080277777777778,
        "p90Hours": 84.10083333333333
      }
    },
    "walldiss": {
      "week": {
        "n": 0,
        "medianHours": null,
        "p90Hours": null
      },
      "month": {
        "n": 0,
        "medianHours": null,
        "p90Hours": null
      },
      "year": {
        "n": 47,
        "medianHours": 26.451666666666668,
        "p90Hours": 383.1430555555556
      }
    },
    "Wondertan": {
      "week": {
        "n": 0,
        "medianHours": null,
        "p90Hours": null
      },
      "month": {
        "n": 1,
        "medianHours": 7.635,
        "p90Hours": 7.635
      },
      "year": {
        "n": 24,
        "medianHours": 2.216388888888889,
        "p90Hours": 91.83944444444444
      }
    }
  },
  "teamMembers": [
    {
      "name": "Rootul",
      "github": "rootulp",
      "defaultHidden": false
    },
    {
      "name": "Nina",
      "github": "ninabarbakadze",
      "defaultHidden": false
    },
    {
      "name": "Rachid",
      "github": "rach-id",
      "defaultHidden": false
    },
    {
      "name": "Mikhail",
      "github": "mcrakhman",
      "defaultHidden": false
    },
    {
      "name": "Slava",
      "github": "vgonkivs",
      "defaultHidden": false
    },
    {
      "name": "Evan",
      "github": "evan-forbes",
      "defaultHidden": false
    },
    {
      "name": "Vlad",
      "github": "walldiss",
      "defaultHidden": true
    },
    {
      "name": "Hlib",
      "github": "Wondertan",
      "defaultHidden": true
    }
  ],
  "computedAt": "2026-05-07T00:19:58.700Z",
  "windows": {
    "weekStart": "2026-05-04T00:00:00.000Z",
    "monthStart": "2026-05-01T00:00:00.000Z",
    "yearStart": "2026-01-01T00:00:00.000Z"
  }
}